{"cameraMode":{"drawMode":0,"name":"Shaded","section":"Shading Mode"},"sceneLighting":true,"audioPlay":false,"sceneViewState":{"showFog":true,"showMaterialUpdate":false,"showSkybox":true,"showFlares":true,"showImageEffects":true,"showParticleSystems":true},"in2DMode":false,"pivot":{"x":12.50499153137207,"y":0.008571624755859375,"z":13.408109664916993},"rotation":{"x":-0.19075894355773927,"y":-0.26969221234321597,"z":0.05495257303118706,"w":-0.9424336552619934},"size":13.341651916503907,"orthographic":false}