{"cameraMode":{"drawMode":0,"name":"Shaded","section":"Shading Mode"},"sceneLighting":true,"audioPlay":false,"sceneViewState":{"showFog":true,"showMaterialUpdate":false,"showSkybox":true,"showFlares":true,"showImageEffects":true,"showParticleSystems":true},"in2DMode":false,"pivot":{"x":649.3486328125,"y":868.5724487304688,"z":41.301513671875},"rotation":{"x":-0.028183141723275186,"y":-0.00955184642225504,"z":-0.00040953417192213237,"w":0.9995959997177124},"size":790.64453125,"orthographic":false}