{"cameraMode":{"drawMode":0,"name":"Shaded","section":"Shading Mode"},"sceneLighting":true,"audioPlay":false,"sceneViewState":{"showFog":true,"showMaterialUpdate":false,"showSkybox":true,"showFlares":true,"showImageEffects":true,"showParticleSystems":true},"in2DMode":false,"pivot":{"x":24.720191955566408,"y":3.2262277603149416,"z":19.67721939086914},"rotation":{"x":0.04775554686784744,"y":0.14644618332386018,"z":-0.007243141531944275,"w":0.9882392287254334},"size":20.73509979248047,"orthographic":false}