{"cameraMode":{"drawMode":0,"name":"Shaded","section":"Shading Mode"},"sceneLighting":true,"audioPlay":false,"sceneViewState":{"showFog":true,"showMaterialUpdate":false,"showSkybox":true,"showFlares":true,"showImageEffects":true,"showParticleSystems":true},"in2DMode":false,"pivot":{"x":10.814188003540039,"y":0.08317327499389649,"z":13.527115821838379},"rotation":{"x":0.13256317377090455,"y":-0.46077799797058108,"z":0.069670669734478,"w":0.8748697638511658},"size":16.23431396484375,"orthographic":false}