{"cameraMode":{"drawMode":0,"name":"Shaded","section":"Shading Mode"},"sceneLighting":true,"audioPlay":false,"sceneViewState":{"showFog":true,"showMaterialUpdate":false,"showSkybox":true,"showFlares":true,"showImageEffects":true,"showParticleSystems":true},"in2DMode":false,"pivot":{"x":12.50499153137207,"y":0.008571624755859375,"z":13.408109664916993},"rotation":{"x":-0.22185276448726655,"y":-0.03189181908965111,"z":0.007612111512571573,"w":-0.9746952056884766},"size":13.341651916503907,"orthographic":false}