{"cameraMode":{"drawMode":0,"name":"Shaded","section":"Shading Mode"},"sceneLighting":true,"audioPlay":false,"sceneViewState":{"showFog":true,"showMaterialUpdate":false,"showSkybox":true,"showFlares":true,"showImageEffects":true,"showParticleSystems":true},"in2DMode":false,"pivot":{"x":6.207864284515381,"y":1.3005363941192628,"z":4.930659294128418},"rotation":{"x":0.0628931000828743,"y":0.10701434314250946,"z":-0.0069086370058357719,"w":0.9922741055488586},"size":10.186527252197266,"orthographic":false}