{"cameraMode":{"drawMode":0,"name":"Shaded","section":"Shading Mode"},"sceneLighting":true,"audioPlay":false,"sceneViewState":{"showFog":true,"showMaterialUpdate":false,"showSkybox":true,"showFlares":true,"showImageEffects":true,"showParticleSystems":true},"in2DMode":false,"pivot":{"x":10.863304138183594,"y":1.7521777153015137,"z":12.558634757995606},"rotation":{"x":0.18343394994735719,"y":-0.4699643850326538,"z":0.0939306765794754,"w":0.8594006299972534},"size":6.487211227416992,"orthographic":false}