{"cameraMode":{"drawMode":0,"name":"Shaded","section":"Shading Mode"},"sceneLighting":true,"audioPlay":false,"sceneViewState":{"showFog":true,"showMaterialUpdate":false,"showSkybox":true,"showFlares":true,"showImageEffects":true,"showParticleSystems":true},"in2DMode":false,"pivot":{"x":9.457606315612793,"y":1.5229072570800782,"z":12.302343368530274},"rotation":{"x":-0.04844148829579353,"y":0.7319881916046143,"z":-0.04960527643561363,"w":-0.6790519952774048},"size":3.9697868824005129,"orthographic":false}