{"cameraMode":{"drawMode":0,"name":"Shaded","section":"Shading Mode"},"sceneLighting":false,"audioPlay":false,"sceneViewState":{"showFog":true,"showMaterialUpdate":false,"showSkybox":false,"showFlares":true,"showImageEffects":true,"showParticleSystems":true},"in2DMode":false,"pivot":{"x":9.510000228881836,"y":0.004999999888241291,"z":15.59000015258789},"rotation":{"x":0.30439120531082156,"y":-0.16486519575119019,"z":0.05210829898715019,"w":0.937179446220398},"size":27.826862335205079,"orthographic":false}