{"cameraMode":{"drawMode":0,"name":"Shaded","section":"Shading Mode"},"sceneLighting":true,"audioPlay":false,"sceneViewState":{"showFog":true,"showMaterialUpdate":false,"showSkybox":true,"showFlares":true,"showImageEffects":true,"showParticleSystems":true},"in2DMode":false,"pivot":{"x":20.21887969970703,"y":5.14353609085083,"z":23.182632446289064},"rotation":{"x":0.2058609277009964,"y":-0.4006878137588501,"z":0.09081872552633286,"w":0.888799786567688},"size":13.920236587524414,"orthographic":false}