{"cameraMode":{"drawMode":0,"name":"Shaded","section":"Shading Mode"},"sceneLighting":true,"audioPlay":false,"sceneViewState":{"showFog":true,"showMaterialUpdate":false,"showSkybox":true,"showFlares":true,"showImageEffects":true,"showParticleSystems":true},"in2DMode":false,"pivot":{"x":16.031370162963868,"y":7.446259498596191,"z":22.139265060424806},"rotation":{"x":0.274598091840744,"y":0.25077056884765627,"z":-0.07439664751291275,"w":0.9259272813796997},"size":4.074641704559326,"orthographic":false}