{"cameraMode":{"drawMode":0,"name":"Shaded","section":"Shading Mode"},"sceneLighting":true,"audioPlay":false,"sceneViewState":{"showFog":true,"showMaterialUpdate":false,"showSkybox":true,"showFlares":true,"showImageEffects":true,"showParticleSystems":true},"in2DMode":false,"pivot":{"x":7.427467346191406,"y":-1.5394630432128907,"z":18.510536193847658},"rotation":{"x":-0.12732239067554475,"y":0.6248858571052551,"z":-0.10425101965665817,"w":-0.763176441192627},"size":34.93140411376953,"orthographic":false}