{"cameraMode":{"drawMode":0,"name":"Shaded","section":"Shading Mode"},"sceneLighting":true,"audioPlay":false,"sceneViewState":{"showFog":true,"showMaterialUpdate":false,"showSkybox":true,"showFlares":true,"showImageEffects":true,"showParticleSystems":true},"in2DMode":false,"pivot":{"x":7.791158676147461,"y":-3.5064268112182619,"z":7.147367000579834},"rotation":{"x":-0.12483535706996918,"y":0.6631700396537781,"z":-0.1146617904305458,"w":-0.7307890057563782},"size":25.3727970123291,"orthographic":false}