{"cameraMode":{"drawMode":0,"name":"Shaded","section":"Shading Mode"},"sceneLighting":true,"audioPlay":false,"sceneViewState":{"showFog":true,"showMaterialUpdate":false,"showSkybox":true,"showFlares":true,"showImageEffects":true,"showParticleSystems":true},"in2DMode":false,"pivot":{"x":10.374430656433106,"y":2.2091522216796877,"z":13.928044319152832},"rotation":{"x":0.005161100532859564,"y":-0.818081796169281,"z":-0.014346158131957055,"w":-0.5762445330619812},"size":4.3393659591674809,"orthographic":false}