{"cameraMode":{"drawMode":0,"name":"Shaded","section":"Shading Mode"},"sceneLighting":true,"audioPlay":false,"sceneViewState":{"showFog":true,"showMaterialUpdate":false,"showSkybox":true,"showFlares":true,"showImageEffects":true,"showParticleSystems":true},"in2DMode":false,"pivot":{"x":23.000652313232423,"y":6.76200008392334,"z":24.00595474243164},"rotation":{"x":-0.18170438706874848,"y":0.39765822887420657,"z":-0.07639865577220917,"w":-0.8964831829071045},"size":22.0,"orthographic":false}